member_id,first_name,last_name,gender,date_of_birth,email,phone
1000,Andrew,Villarreal,Male,04/02/1934,jonathanwilliamson@example.net,+1-719-440-8555
1001,Dana,Waters,Female,04/02/1939,jeffrey64@example.net,251.664.8382
1002,Kari,Lawson,Female,04/01/1958,gonzalezmary@example.com,958.630.4127x18927
1003,Kelly,Bennett,Female,04/02/1955,brittany31@example.net,213.433.7338x997
1004,Edwin,Johnson,Male,04/01/1953,jimenezbonnie@example.com,+1-642-373-4216x083
1005,Michael,Garcia,Male,04/02/1935,oneillomar@example.org,357.721.4626
1006,Kathryn,Zimmerman,Female,04/01/1954,hhickman@example.com,+1-872-375-5911x6115
1007,Alicia,Robbins,Female,04/02/1951,lvalentine@example.net,+1-270-844-9270
1008,Benjamin,Gonzales,Male,04/01/1958,jonesadam@example.com,(913)688-9954
1009,Bradley,Rodriguez,Male,04/01/1944,vmaynard@example.net,724.759.9483
1010,Kathryn,Newton,Female,04/01/1936,garrettelizabeth@example.org,7824476255
1011,Janet,Russo,Female,04/02/1939,miguelwood@example.com,237.443.1139
1012,Reginald,Manning,Male,04/01/1953,jacqueline06@example.org,001-462-769-1768
1013,Penny,Stevens,Female,04/01/1950,asteele@example.net,553-812-3852x985
1014,William,Blevins,Male,04/01/1945,dbryant@example.net,(755)465-4260
1015,Brandy,Erickson,Female,04/02/1938,julia43@example.net,(797)696-8954x583
1016,Ryan,Ross,Male,04/01/1954,rjones@example.com,(808)486-5841x32877
1017,Erika,Butler,Female,04/01/1945,daniellevaughan@example.net,(739)954-1105x8004
1018,Terri,Vargas,Female,04/01/1950,hgould@example.org,(980)672-0493
1019,Thomas,Martinez,Male,04/01/1950,kimfreeman@example.org,001-246-555-1267x85995
1020,Amanda,Rodriguez,Female,04/02/1947,benjamin00@example.org,+1-816-971-1916x399
1021,James,Miller,Male,04/01/1949,pgonzalez@example.org,815.848.3874x006
1022,Ashley,Strickland,Female,04/01/1937,moonnatalie@example.com,(648)595-5883x613
1023,Victor,Howard,Male,04/01/1950,whicks@example.com,(879)505-0383x8984
1024,Julie,Harris,Female,04/02/1942,taylorgarcia@example.org,(804)979-5271x76875
1025,Pamela,Wang,Female,04/02/1938,ethan03@example.net,350-422-7432
1026,Heidi,Brown,Female,04/02/1946,johnsonderek@example.net,(963)652-2111
1027,James,Rodriguez,Male,04/01/1948,matthew23@example.org,001-901-239-1752x865
1028,David,Ponce,Male,04/02/1935,oharris@example.org,255-402-1377x8803
1029,Diana,Chavez,Female,04/01/1956,ucrawford@example.net,(725)712-6725x120
1030,Jonathan,Simpson,Male,04/01/1948,taylorsamuel@example.com,206.740.8261x32831
1031,Dawn,Fitzgerald,Female,04/01/1949,joyce69@example.net,+1-490-592-7321x8237
1032,Frances,Montoya,Female,04/01/1949,barrerakenneth@example.org,955-864-8633x8074
1033,Angela,Huang,Female,04/01/1952,khudson@example.net,239-555-5825x964
1034,Alexis,Carroll,Female,04/01/1944,ujones@example.net,(910)863-2432
1035,Victoria,Martin,Female,04/02/1935,janice26@example.com,278-929-0683x17165
1036,Amy,Fernandez,Female,04/01/1948,qdrake@example.org,602-322-7523x374
1037,Ashley,Collins,Female,04/01/1941,phillipswilliam@example.org,(872)508-1894x12191
1038,Michael,Glass,Male,04/01/1957,brendaenglish@example.org,(815)827-5210x96870
1039,Karla,Nguyen,Female,04/02/1942,bernardbrooke@example.org,+1-582-879-4953
1040,Robert,Bruce,Male,04/02/1943,kpeterson@example.org,475-734-1005x95330
1041,Dominic,Hughes,Male,04/01/1944,kelly34@example.org,4649344776
1042,Samantha,Bailey,Female,04/01/1945,pstevens@example.org,+1-843-667-6711
1043,Kenneth,Branch,Male,04/01/1941,dsmith@example.com,(712)424-1811x4674
1044,Leslie,Salas,Female,04/01/1936,nancyjensen@example.org,(510)756-6137x8554
1045,Cameron,Smith,Male,04/01/1940,jacksonrebecca@example.net,658.334.5017x77416
1046,Gregory,Cox,Male,04/01/1957,gwilliams@example.org,001-752-535-6413x63121
1047,Steven,Knapp,Male,04/01/1948,kirk78@example.com,001-806-630-5336
1048,Lisa,Parks,Female,04/01/1941,ryan26@example.net,951-659-3880
1049,John,Parks,Male,04/01/1952,hrichardson@example.net,+1-826-304-8121x829
1050,John,Ross,Male,04/02/1946,cynthiabrown@example.org,5526692452
1051,Danny,Nguyen,Male,04/02/1934,carlsonchristopher@example.org,695-441-6215x0384
1052,Christy,Price,Female,04/02/1955,paulneal@example.org,794.876.3448x242
1053,Mary,Hammond,Female,04/02/1943,sellerscraig@example.com,676-980-0046x126
1054,Laurie,Morton,Female,04/02/1942,thomasrobin@example.net,+1-918-415-7128x843
1055,Eric,Bailey,Male,04/02/1938,mcollins@example.net,001-434-685-8493
1056,Susan,Powell,Female,04/01/1952,eric67@example.net,625-320-7759x87630
1057,Madison,Drake,Female,04/01/1941,ashley80@example.org,978-781-6681x806
1058,Allison,Buckley,Female,04/01/1936,wschneider@example.com,951-696-6947x5604
1059,Wendy,Rivera,Female,04/01/1950,shawn38@example.net,001-202-698-8167x4715
1060,Nicholas,Case,Male,04/02/1955,pauljohn@example.net,001-542-437-0014
1061,Mark,Fowler,Male,04/01/1948,djennings@example.org,885.887.0097x9337
1062,Brandi,Bender,Female,04/01/1949,crystallarson@example.com,001-924-930-2392x491
1063,Brittany,Hernandez,Female,04/01/1937,keithlyons@example.com,+1-272-245-4561x95226
1064,Joseph,Phillips,Male,04/01/1944,crodgers@example.com,736-847-5403
1065,Meagan,White,Female,04/01/1953,jacquelinevaughan@example.com,211-404-1821x33272
1066,Jason,Hart,Male,04/02/1946,alexis70@example.org,001-252-743-0540
1067,Leslie,Mason,Female,04/02/1951,vboyd@example.com,248.550.4063x3983
1068,Duane,Skinner,Male,04/02/1935,christian94@example.net,627-725-0597x21275
1069,John,Henry,Male,04/01/1940,pcampos@example.net,943-722-7361x391
1070,Dakota,Martin,Male,04/01/1937,morganearl@example.com,(554)487-2470x1718
1071,Tyler,Chambers,Male,04/01/1937,michael65@example.net,997-515-7005
1072,Jacob,Meyer,Male,04/01/1958,peterchurch@example.net,001-341-806-8699x3614
1073,Nicole,Baird,Female,04/01/1936,pearsonkathy@example.org,289-925-6769x05008
1074,Daniel,Clark,Male,04/02/1946,candice30@example.net,229-408-8190
1075,Haley,Nichols,Female,04/01/1956,hoopernatasha@example.org,(245)955-6890x43856
1076,Gavin,Martinez,Male,04/01/1952,kenneth38@example.net,572-595-7273x2840
1077,John,Nelson,Male,04/01/1945,michael83@example.com,+1-945-232-4247x91250
1078,Yvonne,Flowers,Female,04/02/1943,brianleon@example.org,446.820.3798x3294
1079,Alexis,Anderson,Female,04/01/1952,rmatthews@example.org,001-405-545-9971x2318
1080,Nicholas,Patterson,Male,04/01/1956,jesus33@example.net,725.647.7056x324
1081,Lindsey,Flores,Female,04/01/1945,traceyreyes@example.org,(332)864-1082
1082,Jill,Higgins,Female,04/02/1951,shahjasmin@example.org,+1-421-353-2352
1083,Samantha,Vega,Female,04/01/1944,joneskathleen@example.net,(951)875-6752
1084,Carrie,Kirk,Female,04/01/1937,rachel01@example.org,4085534763
1085,Sherri,Garrison,Female,04/01/1940,rmurphy@example.com,288-971-0470
1086,Carolyn,Ross,Female,04/01/1948,rodriguezmichael@example.com,001-776-260-0376
1087,Allison,Snyder,Female,04/01/1956,ythomas@example.com,+1-673-795-8021x0979
1088,Timothy,Lara,Male,04/02/1943,lyonssamantha@example.com,601-387-8985
1089,Dominic,Rice,Male,04/02/1934,nelsoneric@example.com,(675)337-0535x196
1090,Heather,Bright,Female,04/01/1941,savannah57@example.org,(968)276-5542
1091,Melanie,Grant,Female,04/01/1949,anthony07@example.net,+1-899-780-0939x224
1092,Stephen,Reyes,Male,04/01/1944,wcampbell@example.org,001-670-665-7467
1093,Sandra,Farrell,Female,04/01/1937,john82@example.com,448-381-3275x54824
1094,Dennis,Hardy,Male,04/01/1949,joseph83@example.com,216.495.4053x288
1095,Anthony,Martin,Male,04/01/1937,watersashley@example.com,747-949-1800x97664
1096,Donald,Allison,Male,04/01/1941,gonzaleztommy@example.org,(244)629-7369
1097,Tiffany,Harrison,Female,04/01/1953,meadowsryan@example.net,(255)519-2085x8434
1098,Thomas,Murphy,Male,04/02/1943,barbara07@example.net,+1-904-905-6327x1513
1099,Colleen,Fisher,Female,04/01/1953,amandaray@example.com,346-920-1535x5122
1100,April,Savage,Female,04/02/1947,millertheresa@example.net,001-904-258-8096x134
1101,Christian,Bryant,Male,04/02/1946,brianjohnson@example.com,(232)985-1355
1102,Shawn,Torres,Male,04/01/1954,stephanie38@example.com,001-344-225-7828x226
1103,Amy,Brewer,Female,04/01/1941,jamesfleming@example.org,001-920-929-2086x89363
1104,Karen,Farrell,Female,04/01/1958,wmartinez@example.org,434-863-9353
1105,Frank,Kidd,Male,04/01/1950,acarr@example.org,+1-908-434-2778
1106,Sharon,Small,Female,04/01/1952,kathrynphillips@example.org,767.401.9640
1107,Brian,Parker,Male,04/01/1950,karenpalmer@example.org,200-860-5657x27224
1108,Joshua,Miller,Male,04/01/1956,ghall@example.org,+1-380-882-8762x4910
1109,Adam,Peterson,Male,04/01/1952,kthompson@example.com,(565)694-2019x099
1110,Susan,Leonard,Female,04/01/1944,sandra32@example.com,701.354.1635x610
1111,Brandon,Webb,Male,04/02/1943,aaron90@example.net,001-580-493-4714x880
1112,Kristine,Ferguson,Female,04/01/1940,calvinfritz@example.net,001-641-799-2816x092
1113,Richard,Moreno,Male,04/02/1955,lisa74@example.com,001-434-242-4990x6634
1114,Paul,Terrell,Male,04/02/1934,gelliott@example.net,324.881.2339x8134
1115,Vincent,Obrien,Male,04/02/1955,emily39@example.net,7985746932
1116,Isabella,Mcguire,Female,04/01/1958,rbell@example.com,598-905-3408
1117,Stacy,Atkins,Female,04/02/1938,maryellis@example.org,8575290587
1118,Ian,Smith,Male,04/01/1957,tlane@example.net,757-514-7077x920
1119,Jacob,Skinner,Male,04/02/1955,sally68@example.com,+1-906-971-7911
1120,Lindsey,Beard,Female,04/01/1945,kennethmiller@example.net,+1-916-244-0557x5296
1121,Kelli,Spears,Female,04/02/1946,louisnelson@example.net,(727)375-6846
1122,Steven,Gordon,Male,04/02/1955,christopher17@example.net,435.525.2905x0653
1123,Curtis,Mejia,Male,04/01/1948,nnelson@example.org,(491)608-1227x281
1124,Clifford,Gray,Male,04/02/1947,qmcintyre@example.net,884-650-1869x79606
1125,Mark,Ball,Male,04/02/1943,meghan69@example.com,(855)887-1103
1126,Julie,Rocha,Female,04/01/1952,adamanderson@example.org,+1-428-460-9253
1127,Christopher,Wade,Male,04/01/1936,ymiller@example.net,001-556-857-0338x8842
1128,Jacob,Smith,Male,04/01/1958,kochkathryn@example.net,780-768-6701
1129,Tara,Simmons,Female,04/02/1943,joshuajordan@example.com,+1-362-745-6452x11459
1130,Ryan,Jones,Male,04/01/1957,wkrause@example.net,(481)370-5139
1131,Pamela,Butler,Female,04/01/1954,xellis@example.net,+1-311-643-6785x8680
1132,Cody,Gates,Male,04/01/1944,matthew75@example.com,972-593-6211
1133,Thomas,Obrien,Male,04/01/1950,mcolon@example.net,(922)767-6485x25692
1134,Joshua,Frank,Male,04/02/1946,carneymelissa@example.org,9144291164
1135,Anthony,Thomas,Male,04/01/1940,rileyabigail@example.com,+1-878-717-5292x9231
1136,Christopher,Collins,Male,04/01/1937,jason99@example.com,910.649.7530x44338
1137,Thomas,Sutton,Male,04/01/1937,lonniefoster@example.org,913-831-5036x9221
1138,Thomas,White,Male,04/01/1954,amandamiller@example.com,(298)700-4153
1139,Walter,Washington,Male,04/01/1941,paula77@example.org,643.689.0755x78472
1140,Melissa,Gordon,Female,04/02/1955,craigbrown@example.net,6656512408
1141,Edward,Freeman,Male,04/02/1943,xlewis@example.org,6633739645
1142,James,Thomas,Male,04/02/1938,justin66@example.net,343.212.7179
1143,Robert,Vega,Male,04/01/1958,william80@example.net,488-933-1149
1144,Stephanie,Gillespie,Female,04/01/1950,joeduran@example.com,+1-552-725-5767x678
1145,Elizabeth,Davis,Female,04/01/1945,rlynch@example.org,292-536-9145
1146,Tina,Serrano,Female,04/01/1945,ericguerrero@example.org,001-890-239-8806
1147,Judy,Hall,Female,04/02/1951,ysutton@example.com,(672)358-9512
1148,Susan,Davis,Female,04/01/1941,solismonique@example.net,883.225.0540
1149,Robert,Knapp,Male,04/01/1948,iklein@example.net,946.739.3869x70430
1150,Bethany,Richardson,Female,04/01/1941,rodriguezheidi@example.com,558.600.6911x8663
1151,Kenneth,Bauer,Male,04/02/1943,jennifer79@example.com,001-467-632-1730x034
1152,Nathan,James,Male,04/02/1942,johnny71@example.net,645.366.6790x90320
1153,Virginia,Salinas,Female,04/01/1952,williamsderrick@example.com,424.559.5663x9860
1154,Jim,Chambers,Male,04/02/1934,anthonyhill@example.net,+1-993-882-2168x7437
1155,Stephen,Wagner,Male,04/02/1955,robert65@example.com,(880)396-0102x1144
1156,Wendy,Riggs,Female,04/02/1947,erinhernandez@example.net,001-768-547-4355
1157,Kyle,Powell,Male,04/02/1955,woodandre@example.net,001-796-886-8964x98369
1158,Christopher,Gibbs,Male,04/02/1938,nicholas16@example.com,001-264-277-5805x14381
1159,Ashley,Rice,Female,04/02/1947,ramseyryan@example.org,+1-382-470-7417x4468
1160,Kathleen,Armstrong,Female,04/01/1958,zhampton@example.org,+1-448-853-3747
1161,Omar,Johnson,Male,04/01/1948,hectorlittle@example.com,+1-264-756-7541x778
1162,Edwin,Faulkner,Male,04/02/1934,jenniferhawkins@example.org,(681)864-8082x801
1163,Benjamin,Villa,Male,04/01/1936,kbrown@example.org,984-258-1489x11095
1164,Mark,Clark,Male,04/02/1938,emma00@example.org,(409)866-7718x164
1165,Kyle,Jones,Male,04/01/1954,elizabeth42@example.org,914.752.7618
1166,Carly,Morales,Female,04/02/1942,richardalvarado@example.com,476-386-3459x4910
1167,Ashley,Brooks,Female,04/01/1952,ddelgado@example.net,(210)905-0844
1168,Jennifer,Williams,Female,04/02/1943,bfrench@example.net,001-774-696-6512x104
1169,Benjamin,Price,Male,04/01/1954,chavezbrian@example.net,309-575-7995x30865
1170,Jeremy,Huber,Male,04/01/1950,cmack@example.com,264.356.8340
1171,Renee,Watson,Female,04/01/1956,dan07@example.net,(301)855-1316x38912
1172,Teresa,Hernandez,Female,04/02/1934,jacquelinenixon@example.org,292-641-0911x61716
1173,Michelle,Bartlett,Female,04/01/1957,snichols@example.com,+1-415-356-8348x47268
1174,Donna,Barton,Female,04/02/1951,gyoder@example.com,3183965422
1175,Laura,Jones,Female,04/02/1951,randalldiaz@example.com,569.656.9498x622
1176,Amy,Myers,Female,04/02/1934,matthew26@example.net,240.985.4298x871
1177,Katherine,Baker,Female,04/01/1958,ihartman@example.org,+1-225-434-2932
1178,Timothy,White,Male,04/02/1943,jamesreid@example.com,+1-386-649-7935x64394
1179,Alexandria,Padilla,Female,04/01/1958,isanders@example.net,491-913-8140x163
1180,Alexa,Erickson,Female,04/01/1940,matthewevans@example.org,800.293.3189
1181,Nathan,Booth,Male,04/02/1946,fitzpatrickbrenda@example.com,001-312-645-8058x7642
1182,Courtney,Whitehead,Female,04/01/1953,stonesarah@example.com,432.499.4002x27386
1183,Kayla,Torres,Female,04/01/1941,andrew30@example.com,524-528-9717
1184,Trevor,Vincent,Male,04/01/1941,charleshughes@example.com,9339264407
1185,Andrew,Bryant,Male,04/01/1948,xmiller@example.net,244.448.1685x2927
1186,Lisa,Walker,Female,04/01/1949,tnichols@example.net,(528)526-0397
1187,Brandy,Moore,Female,04/01/1937,moorerobert@example.org,644-792-4030
1188,Shelby,Harris,Female,04/02/1942,robert54@example.com,708.879.3647
1189,Michael,Mitchell,Male,04/01/1957,howardpena@example.net,001-661-994-8854x55774
1190,Kathy,Erickson,Female,04/02/1947,joycedavis@example.com,637.281.2550x5788
1191,Joseph,Miller,Male,04/02/1935,chad42@example.net,846-471-5593x1837
1192,Ann,Turner,Female,04/02/1955,natalie17@example.net,2817287690
1193,Brian,Randolph,Male,04/01/1953,daniel64@example.net,(318)865-2831
1194,Christopher,Whitaker,Male,04/01/1958,staceyschneider@example.com,2048949404
1195,Eric,Lam,Male,04/02/1947,ylewis@example.org,001-324-755-3001
1196,Reginald,Curtis,Male,04/01/1936,robertferguson@example.net,001-521-530-1837x47618
1197,Jennifer,Lane,Female,04/01/1953,baguilar@example.net,(620)885-2820
1198,Andrew,Soto,Male,04/01/1956,victoriareid@example.net,906-440-8817x64687
1199,Brian,Flores,Male,04/01/1949,wmarquez@example.org,001-653-534-4352x29386
1200,Mark,Summers,Male,04/02/1951,marcher@example.net,001-763-823-9901x9775
1201,Erica,Hutchinson,Female,04/02/1934,rogersseth@example.org,661-629-7052x5382
1202,Margaret,Johnson,Female,04/02/1946,lloydtami@example.org,583.423.5496x29821
1203,Benjamin,Davenport,Male,04/01/1958,kentmelissa@example.org,441.453.1995x5284
1204,Jeremy,Dixon,Male,04/02/1951,nfisher@example.org,(379)807-4476x382
1205,Gregory,Anthony,Male,04/01/1957,susandavis@example.net,(565)777-2739x0870
1206,Teresa,Dunlap,Female,04/01/1952,leeterri@example.net,(271)607-6630
1207,Christopher,Kirk,Male,04/01/1940,amandacooley@example.org,232.784.5477x83882
1208,Daniel,Austin,Male,04/01/1949,dianapeterson@example.org,+1-439-209-2660x6476
1209,Jill,Ross,Female,04/01/1954,wellsrobert@example.net,513-202-9340
1210,Jennifer,Lee,Female,04/01/1957,jeffreyparsons@example.org,(529)558-6038
1211,Michelle,Burke,Female,04/01/1952,david02@example.com,+1-705-618-8869x53853
1212,Charles,Jackson,Male,04/02/1947,kimberly57@example.com,661-655-4495x75629
1213,Rebecca,Pennington,Female,04/01/1954,christopher27@example.com,834-534-1890
1214,Barbara,Hughes,Female,04/01/1948,yolanda53@example.net,875-819-1634x3864
1215,Jennifer,Williams,Female,04/01/1949,madelinestewart@example.org,(923)482-9062x689
1216,Philip,Jordan,Male,04/02/1939,jasmine76@example.org,7595899208
1217,Timothy,Cobb,Male,04/02/1951,donna91@example.org,001-849-907-6927x78097
1218,Jonathan,Thompson,Male,04/01/1945,carpenterrichard@example.net,380-943-4446x0174
1219,Molly,Rodriguez,Female,04/02/1938,marshallmeghan@example.net,(202)355-9463
1220,Robert,Hampton,Male,04/01/1940,owilson@example.org,693.640.8970x5327
1221,Kristin,Curry,Female,04/01/1941,angeladuncan@example.com,001-701-229-6765x2606
1222,Christopher,Banks,Male,04/01/1944,andrea29@example.com,229.262.5627x5365
1223,David,Porter,Male,04/02/1946,jennifer39@example.org,522.403.4143
1224,Dominic,Richardson,Male,04/02/1951,nward@example.net,+1-312-521-7546x4424
1225,Raymond,Wright,Male,04/01/1936,mespinoza@example.com,+1-852-307-1004x6584
1226,Robert,Rodriguez,Male,04/02/1951,irodriguez@example.com,2597520226
1227,Dana,Vaughan,Female,04/01/1958,christina66@example.net,(953)535-5094x16193
1228,Steven,Smith,Male,04/02/1955,xwilson@example.net,763.968.8416x929
1229,Jesus,Nelson,Male,04/01/1941,johnsonjoseph@example.net,+1-221-462-1759x626
1230,Jaime,Li,Female,04/01/1936,cmccoy@example.net,686.554.4595
1231,Marie,Lewis,Female,04/02/1938,monicawalker@example.com,(271)748-9809
1232,Benjamin,Parker,Male,04/01/1937,sullivandawn@example.org,681.913.7183x66520
1233,Sharon,Bush,Female,04/02/1943,walkersean@example.com,537-324-5653
1234,Makayla,Moss,Female,04/02/1943,davismatthew@example.net,388.558.2864x3481
1235,Theresa,Yates,Female,04/01/1944,robertgraves@example.com,351.487.1764
1236,John,Juarez,Male,04/02/1943,martha04@example.net,(312)774-1814x71786
1237,Michael,Allen,Male,04/01/1936,orichmond@example.com,898.505.7963
1238,David,Edwards,Male,04/01/1948,vaughnemily@example.com,235-617-4456
1239,Patrick,Garza,Male,04/01/1954,brian28@example.net,922-990-3533x7108
1240,Tammy,Juarez,Female,04/01/1956,baileybrandon@example.com,481.562.2169
1241,Diane,King,Female,04/01/1953,juliajones@example.org,705.686.8797x049
1242,Brenda,Davis,Female,04/02/1935,williamscharles@example.com,539.866.0172x324
1243,Annette,Friedman,Female,04/02/1934,pinedakevin@example.net,+1-802-757-4022
1244,Angela,Scott,Female,04/01/1944,harveyangela@example.net,575-869-2775
1245,Carla,Flores,Female,04/02/1939,ericroberts@example.org,+1-783-704-9842x185
1246,Anthony,Vincent,Male,04/02/1946,williamscynthia@example.com,776-374-5991
1247,Lindsey,Brown,Female,04/02/1939,matthew77@example.com,208.989.7923
1248,Diana,Blake,Female,04/01/1941,porterwilliam@example.org,+1-875-793-0212
1249,Lori,Gallagher,Female,04/02/1938,vbaker@example.com,+1-659-398-9558x8476
1250,Nicholas,Melton,Male,04/01/1957,christymoran@example.com,7289767778
1251,Jeanette,Walton,Female,04/01/1952,lindsay32@example.net,325.591.8108x25382
1252,Linda,Bonilla,Female,04/02/1935,kennethdyer@example.com,8196730631
1253,Lisa,Webb,Female,04/01/1944,james98@example.com,427-628-9180x16817
1254,Dennis,Gonzalez,Male,04/01/1953,spearsamy@example.net,+1-431-795-6443
1255,Brandon,Davis,Male,04/02/1943,kfowler@example.org,001-607-398-7045x366
1256,Ashley,Gray,Female,04/01/1937,xmiller@example.com,8479612505
1257,Gabrielle,Harris,Female,04/02/1935,brandon29@example.org,+1-322-248-2815x4668
1258,Melinda,Robles,Female,04/01/1948,finleywilliam@example.com,6396519576
1259,Tiffany,Fuller,Female,04/01/1936,wgutierrez@example.com,647-231-9743
1260,Katelyn,Anderson,Female,04/01/1957,jennifer87@example.net,(503)926-2840x67135
1261,Gregory,Johnson,Male,04/01/1948,bryantaylor@example.com,(221)662-4746
1262,Christopher,Gibson,Male,04/02/1955,wholder@example.net,(735)843-6173x5622
1263,Kristin,Morse,Female,04/01/1936,huffrichard@example.net,(992)460-4411
1264,Janet,Roberts,Female,04/01/1953,michael09@example.net,679.485.1235
1265,Melanie,Evans,Female,04/01/1940,timothyberger@example.net,674.999.5327x2615
1266,Heather,Simmons,Female,04/02/1934,milleramber@example.net,429-377-6889x799
1267,David,Flynn,Male,04/01/1949,michelle64@example.net,630-343-4918x178
1268,Victoria,Young,Female,04/01/1949,scottsarah@example.net,211-805-9148
1269,Ruben,Erickson,Male,04/01/1957,linda09@example.org,982.687.4921
1270,Shelby,Thompson,Female,04/01/1949,davisjoshua@example.com,334-460-8302x613
1271,Kayla,Farmer,Female,04/01/1949,sydneywolfe@example.org,337-326-7732x204
1272,Scott,Sullivan,Male,04/01/1950,gibsonnathan@example.org,453.571.5684x609
1273,Joseph,Orozco,Male,04/02/1947,samanthaperez@example.com,965-957-1803
1274,Brooke,Banks,Female,04/01/1937,megan93@example.org,888.790.9376x0926
1275,Tyler,Turner,Male,04/01/1941,whiteheadtina@example.org,+1-774-440-8586x354
1276,Christopher,Howard,Male,04/02/1943,heather20@example.com,(646)458-1679
1277,Steven,Stewart,Male,04/02/1934,oleon@example.net,001-788-368-9029x8705
1278,Jennifer,Carter,Female,04/01/1950,jennifer84@example.net,7858690751
1279,Martha,Lee,Female,04/02/1955,roystevenson@example.com,220-756-1184x90664
1280,Jeffrey,Robinson,Male,04/01/1957,toddmiller@example.org,863.783.4600x24547
1281,Chad,Webb,Male,04/01/1945,megan24@example.net,716.894.6946
1282,Ellen,Caldwell,Female,04/02/1938,smithtyler@example.net,248.710.5382x1957
1283,Brenda,Solomon,Female,04/01/1958,sandraanderson@example.org,(308)279-2544x66499
1284,Kathleen,Bailey,Female,04/02/1946,lisadonaldson@example.net,+1-641-463-8046
1285,Andrew,Smith,Male,04/01/1949,qfitzpatrick@example.com,(774)422-3092x98482
1286,Michael,Hodge,Male,04/02/1951,tyler12@example.net,397-340-9681
1287,Lisa,Green,Female,04/02/1935,scott59@example.com,514-857-5948x26994
1288,Zoe,Gibson,Female,04/01/1940,kherman@example.org,(555)429-9918x980
1289,Christopher,Watts,Male,04/01/1950,morganstacey@example.com,(565)361-4236
1290,Kathleen,Castillo,Female,04/02/1946,emilyyoung@example.net,(868)724-6262
1291,Colleen,Conway,Female,04/01/1937,smithryan@example.org,(901)929-4316x9561
1292,Joyce,Lewis,Female,04/01/1953,amber26@example.org,7044156954
1293,Kimberly,Hill,Female,04/02/1946,donald79@example.org,+1-712-317-4550x590
1294,Kenneth,Kelly,Male,04/01/1954,rebeccarogers@example.com,+1-951-890-8653x80648
1295,Chase,Anderson,Male,04/01/1957,timothynelson@example.net,503.900.3197x464
1296,Brittany,Benitez,Female,04/01/1941,alvarezleslie@example.org,+1-586-377-8177
1297,Carla,Palmer,Female,04/01/1944,allisonburton@example.org,6752666648
1298,Nicole,Dunlap,Female,04/01/1953,mkent@example.net,747.923.2105x720
1299,Michelle,Wright,Female,04/01/1957,torresrandy@example.net,3695861871
1300,Brandi,Howard,Female,04/02/1955,jacobkelly@example.org,950.922.8553x31911
1301,Lindsey,Rogers,Female,04/02/1943,palmersean@example.net,(764)502-5510
1302,Jacob,Smith,Male,04/01/1953,hernandezjamie@example.net,339.863.7668x2096
1303,Brad,Becker,Male,04/02/1938,mejiajustin@example.net,(749)966-3138x3090
1304,Jeremy,Johnson,Male,04/02/1955,yschmidt@example.org,+1-755-372-6191x130
1305,Nathan,Miller,Male,04/02/1942,denise24@example.com,+1-822-491-8461
1306,Wesley,Carpenter,Male,04/02/1934,delgadoheather@example.com,712-389-1712x0147
1307,Janice,Boone,Female,04/01/1944,uhumphrey@example.org,6982593921
1308,Nicholas,Ayala,Male,04/02/1942,andersonkiara@example.net,951.936.7938
1309,Priscilla,Colon,Female,04/02/1942,danielgomez@example.com,377.339.5629
1310,Christian,Berry,Male,04/01/1952,katherineadams@example.com,001-237-536-0842x634
1311,Kelly,Gonzalez,Female,04/02/1955,kyle69@example.net,336.632.1288x58627
1312,David,Gonzales,Male,04/02/1939,joneskimberly@example.net,+1-367-386-4952
1313,Johnathan,Parsons,Male,04/01/1956,andrewscott@example.net,(335)271-4231
1314,Michelle,Lucero,Female,04/01/1956,morrowamanda@example.net,(361)732-6033x8707
1315,James,Crane,Male,04/02/1955,judithmitchell@example.com,001-935-242-0464x5306
1316,Justin,Alvarez,Male,04/02/1943,denise88@example.org,889.499.1735x70286
1317,Sonya,Decker,Female,04/01/1954,floresbecky@example.com,001-681-209-7427x21610
1318,Danielle,Bray,Female,04/01/1937,morganamy@example.net,+1-490-209-5485
1319,Taylor,Larson,Female,04/02/1934,richard38@example.org,4959087790
1320,Kelly,Leonard,Female,04/01/1945,pflores@example.com,001-527-275-8796x74477
1321,David,Lopez,Male,04/01/1954,anna65@example.com,283.534.5734x5997
1322,Mary,Conley,Female,04/01/1949,bullocktodd@example.com,+1-396-849-2714x324
1323,Melissa,Mcdonald,Female,04/02/1951,slarsen@example.net,429-578-9516x592
1324,Elizabeth,Evans,Female,04/01/1952,victoria36@example.net,376.994.1165
1325,Benjamin,Ayers,Male,04/01/1937,bethany54@example.net,325.309.8990x24277
1326,Gregory,Hahn,Male,04/01/1944,donaldbowers@example.net,001-957-644-4655x880
1327,Erin,Dennis,Female,04/02/1943,fgordon@example.com,+1-841-861-0935x039
1328,Jennifer,Johnson,Female,04/01/1941,kristin84@example.com,001-790-743-3639x219
1329,Melanie,Barber,Female,04/01/1958,adrianabentley@example.org,+1-968-771-6646x4493
1330,Earl,Gordon,Male,04/01/1952,wagnerellen@example.com,+1-752-227-8707x2528
1331,Sharon,Smith,Female,04/02/1955,jeremy46@example.org,+1-631-513-8572x7501
1332,Kristin,Evans,Female,04/01/1950,ryan64@example.org,5532851004
1333,Vincent,Tran,Male,04/02/1947,fmoore@example.org,+1-763-415-7242x324
1334,Mia,Romero,Female,04/02/1938,jennifer46@example.com,(721)384-3976
1335,Christy,Wilson,Female,04/01/1958,xreed@example.com,9598596195
1336,Kyle,Richards,Male,04/01/1937,burgessmark@example.net,3263539360
1337,Ray,Harris,Male,04/01/1953,todd49@example.org,6537484336
1338,Omar,Simmons,Male,04/02/1951,bakernicholas@example.org,838.993.6949x727
1339,Timothy,Hays,Male,04/01/1954,jose86@example.com,001-817-497-4604
1340,Benjamin,Francis,Male,04/01/1945,mdalton@example.com,+1-529-530-3912x29212
1341,Kevin,Brown,Male,04/01/1941,tammystuart@example.org,933.283.6868
1342,Paula,Patterson,Female,04/02/1955,jonathan53@example.net,+1-380-945-5647x663
1343,Christopher,Parker,Male,04/02/1938,mgraham@example.org,001-332-824-3895x86069
1344,Scott,Bullock,Male,04/01/1957,mallory91@example.org,(596)924-0255
1345,Kelly,Trevino,Male,04/01/1958,ayoung@example.net,(675)653-8386
1346,Manuel,Trujillo,Male,04/01/1950,sellersdonna@example.org,(626)566-0122
1347,Maria,Wang,Female,04/02/1951,duranralph@example.org,254-536-2887x70645
1348,Sarah,Bass,Female,04/02/1934,villegaswayne@example.net,+1-883-664-7362x02099
1349,Ronnie,Webb,Male,04/02/1935,hectorcox@example.net,001-867-865-5676x2582
1350,Teresa,James,Female,04/02/1934,rmiller@example.com,+1-676-784-2867x37228
1351,Samantha,Bell,Female,04/02/1938,robersonanthony@example.net,(875)216-1834
1352,Brianna,Maldonado,Female,04/02/1946,carolbeard@example.org,381-237-2877x9262
1353,Anthony,Rocha,Male,04/01/1958,mitchelljoseph@example.com,+1-277-402-0237x1336
1354,Kevin,Graham,Male,04/01/1940,hannahchavez@example.com,(601)859-6103x373
1355,Don,Vargas,Male,04/01/1953,christybennett@example.net,846.657.2612x55005
1356,Jeanne,Li,Female,04/01/1952,stephensonmary@example.com,684-206-3461x0071
1357,Jesus,Jenkins,Male,04/02/1938,xking@example.com,(307)773-7849
1358,Danny,Wright,Male,04/02/1939,gabrielle83@example.net,001-714-874-4270x3985
1359,Kayla,Olson,Female,04/02/1942,ntownsend@example.net,626-494-8306x62392
1360,Stephen,Cohen,Male,04/01/1944,gonzalesjoseph@example.com,858-840-5749x10177
1361,Jeffrey,Poole,Male,04/01/1948,kgibbs@example.org,(858)563-7712
1362,Robert,Rodriguez,Male,04/02/1947,heather11@example.com,514-577-2159
1363,Debbie,Serrano,Female,04/02/1955,rhatfield@example.net,763.825.8334
1364,Amanda,Bray,Female,04/02/1938,tom32@example.org,870.991.8270
1365,Amy,Olson,Female,04/02/1935,qchandler@example.com,(581)232-2761x6289
1366,Joshua,Dean,Male,04/01/1945,terrencesandoval@example.org,229.367.9475x485
1367,April,Byrd,Female,04/01/1945,cardenaswendy@example.net,521-958-8900x0915
1368,Marvin,Adams,Male,04/01/1949,johnsonmichael@example.org,(689)269-2324x39069
1369,Tanner,Joyce,Male,04/01/1957,zramirez@example.org,(506)211-4425x93540
1370,David,Turner,Male,04/01/1941,gharris@example.net,+1-675-383-3421x25397
1371,Matthew,Morris,Male,04/01/1940,kimberlywoods@example.com,979-988-2248x53073
1372,John,Williams,Male,04/02/1955,floydkaitlyn@example.com,926-206-1921x5935
1373,Todd,Li,Male,04/01/1944,reedjasmine@example.net,(715)587-0636
1374,Hayley,Campos,Female,04/02/1938,imueller@example.net,951.948.2542x0289
1375,Molly,Rocha,Female,04/02/1938,sholmes@example.net,404.845.1354x291
1376,Daniel,Cowan,Male,04/01/1957,maurice84@example.org,380.451.8520
1377,Stephanie,Aguirre,Female,04/02/1943,carpentershelly@example.com,+1-922-564-8907x06901
1378,Joshua,Wilson,Male,04/02/1943,tprice@example.com,630-390-9478
1379,Emily,Bennett,Female,04/01/1958,christinecunningham@example.net,001-480-506-1702x374
1380,Crystal,Webb,Female,04/01/1956,reedsamantha@example.com,7416822849
1381,Tracy,Morgan,Male,04/01/1958,johnmckee@example.org,930-895-7213x80158
1382,Richard,Ford,Male,04/01/1937,nancy18@example.net,(574)663-9147
1383,Gloria,Turner,Female,04/02/1935,ramosmeghan@example.net,408.424.8693
1384,Regina,Hardy,Female,04/01/1957,collinsrachel@example.com,001-328-600-0693
1385,Kristen,Watson,Female,04/02/1955,qroberts@example.org,(336)528-0845x905
1386,Samantha,Cole,Female,04/01/1941,melissaparker@example.net,8248516143
1387,Joshua,Thomas,Male,04/01/1958,hallscott@example.com,574-571-1299
1388,Jordan,Green,Female,04/01/1937,hesterlinda@example.net,882-796-0256x61406
1389,Amanda,Lawson,Female,04/01/1940,cookjeremy@example.org,(496)502-4354x2794
1390,Sherri,Ray,Female,04/01/1944,cynthiaevans@example.net,+1-207-932-3699
1391,Shane,Nelson,Male,04/01/1941,hensonnicole@example.com,8443136657
1392,Andrea,Flynn,Female,04/01/1949,eric83@example.net,(234)836-2970
1393,Walter,Moore,Male,04/01/1944,estanley@example.com,237-709-1023x18657
1394,Thomas,Jones,Male,04/01/1944,laura60@example.org,+1-751-942-7665x2191
1395,Mary,Frazier,Female,04/01/1952,vaughnmary@example.org,+1-547-269-4831x66170
1396,Samantha,Schwartz,Female,04/02/1955,jenniferthompson@example.org,750-389-9091
1397,Jared,Sutton,Male,04/01/1958,mariah31@example.org,(322)272-0482
1398,Michelle,Miller,Female,04/02/1942,zthomas@example.com,356.669.5777x690
1399,David,Walker,Male,04/01/1956,lisa32@example.org,767-367-0909x45928
1400,Christopher,Williams,Male,04/01/1958,hayescindy@example.org,+1-637-998-6921x429
1401,Michael,Cannon,Male,04/01/1937,egonzales@example.org,534.632.8330x097
1402,Thomas,Garcia,Male,04/01/1937,sarah64@example.net,6696848922
1403,Jeremy,Murphy,Male,04/01/1958,ana67@example.org,626.659.0479x774
1404,Jennifer,Brown,Female,04/01/1944,cruzjason@example.org,2648841648
1405,John,Davis,Male,04/01/1948,qcarter@example.org,001-213-465-5146x3679
1406,William,Espinoza,Male,04/01/1950,brettcooper@example.net,+1-769-362-4565x9200
1407,Kenneth,Morris,Male,04/01/1949,johnrodriguez@example.net,(970)966-6356
1408,Rachel,Price,Female,04/02/1942,gregorysoto@example.net,9173724943
1409,Kayla,Figueroa,Female,04/01/1956,calderonelizabeth@example.org,001-334-475-9470
1410,Nicholas,Harrell,Male,04/02/1943,ramirezapril@example.com,+1-242-664-4400
1411,Amanda,Lopez,Female,04/02/1951,jamesparker@example.net,(816)920-6013x4457
1412,Lisa,Kramer,Female,04/02/1946,jade48@example.net,6214635824
1413,Valerie,Diaz,Female,04/02/1946,upayne@example.net,001-313-936-1608
1414,Amber,Fernandez,Female,04/01/1956,grahamnicholas@example.com,846-380-2262
1415,Christopher,Lee,Male,04/01/1945,evansstephen@example.net,(957)664-5906
1416,Dana,Sims,Female,04/01/1948,wagneramanda@example.com,+1-907-517-6452x80138
1417,Jaime,Cole,Female,04/01/1936,williamsmichael@example.org,001-608-284-4960x902
1418,Sharon,Acosta,Female,04/01/1944,nancyarias@example.org,2849712431
1419,Leslie,Wright,Female,04/02/1938,brentpowell@example.net,851.626.5760x600
1420,Melissa,Cuevas,Female,04/02/1955,esparzalisa@example.org,001-499-789-2230x67865
1421,Sarah,Austin,Female,04/02/1939,martin60@example.org,+1-629-805-3037x1631
1422,Valerie,Rice,Female,04/02/1938,jramirez@example.org,460.664.0966
1423,Aaron,Mccoy,Male,04/01/1956,combsdiana@example.net,001-386-519-6191x502
1424,Justin,Tran,Male,04/02/1935,douglasbriana@example.net,(394)307-3699
1425,Luis,Wagner,Male,04/02/1946,kchristian@example.com,(996)957-6607
1426,Laura,Hart,Female,04/01/1937,nicholsjohn@example.org,(763)457-0600x865
1427,Angela,King,Female,04/01/1940,elizabethbrown@example.com,001-568-937-3356x335
1428,Patrick,Clay,Male,04/01/1950,connieperez@example.org,301.786.1882
1429,Joshua,Anderson,Male,04/02/1942,sharon67@example.org,001-785-787-2069x700
1430,Dale,Rodriguez,Male,04/01/1949,jimenezjames@example.com,987.595.3795
1431,Rachael,Jimenez,Female,04/01/1949,elizabeth27@example.net,317.905.2856x6260
1432,Diana,Combs,Female,04/02/1955,ekeith@example.com,(737)509-8141x67155
1433,Cory,Maxwell,Male,04/01/1948,bhurst@example.net,916.508.2411x85108
1434,Michael,Carr,Male,04/02/1942,crios@example.com,855-867-6872x1366
1435,Steve,Johnson,Male,04/01/1944,marthamitchell@example.net,(352)743-7074x1096
1436,Tina,Snyder,Female,04/01/1944,dunnseth@example.net,001-736-900-6973x77867
1437,Colin,Bowman,Male,04/02/1939,cmoore@example.org,975-231-1273x492
1438,Paul,Vaughn,Male,04/01/1956,mitchellmichael@example.com,296-890-3554x738
1439,Jose,Johnson,Male,04/01/1950,lisathomas@example.org,001-259-247-1849
1440,Peggy,Holt,Female,04/02/1946,jonathanbarber@example.com,680.698.0971x1856
1441,Jeff,Taylor,Male,04/01/1957,franksandra@example.org,(428)359-3970
1442,James,Mendez,Male,04/02/1943,dsmith@example.com,938.907.1565x5444
1443,Amy,Andrade,Female,04/01/1957,ronaldlopez@example.org,+1-692-925-6529x23871
1444,Stephanie,Gonzalez,Female,04/02/1939,veronicacooper@example.net,+1-662-796-4741x35060
1445,Edward,Ramirez,Male,04/02/1934,batesjoe@example.org,+1-784-412-1480
1446,Richard,Key,Male,04/01/1949,brianparks@example.org,001-915-684-9259x9379
1447,Richard,Swanson,Male,04/02/1943,dawngarcia@example.net,351.803.7810x0843
1448,Jeffrey,Mcconnell,Male,04/01/1944,erinjordan@example.com,212.456.2755
1449,Adrian,Merritt,Male,04/02/1955,marc26@example.com,+1-777-847-9113x65579
1450,Ronald,Brooks,Male,04/01/1948,chloe71@example.com,2132573095
1451,Tracy,Anthony,Female,04/01/1956,gilbertsarah@example.org,(622)229-2893x57110
1452,Willie,Anderson,Male,04/02/1951,samuel05@example.com,+1-483-209-0536
1453,Emily,White,Female,04/02/1943,brooke77@example.org,495.907.8420x7199
1454,Andrew,Stone,Male,04/01/1956,lambertmelissa@example.com,(209)304-8013x6138
1455,Melanie,Smith,Female,04/02/1951,dominiquecook@example.org,001-558-545-8386x3359
1456,Katie,Gray,Female,04/01/1945,uedwards@example.com,204-632-8512x28445
1457,Amber,Campbell,Female,04/01/1956,ijohnson@example.com,670.606.6717x9036
1458,Linda,Romero,Female,04/02/1947,williamwilliamson@example.net,001-988-256-9283
1459,Michael,Scott,Male,04/02/1943,jacksondavid@example.net,7776114870
1460,Beth,Vincent,Female,04/01/1950,rebecca96@example.org,+1-365-967-5043
1461,Julie,Jackson,Female,04/02/1934,sheryl51@example.com,901.780.6016
1462,Patty,Jones,Female,04/01/1941,dyoung@example.com,+1-311-609-4373x293
1463,Kristen,Chung,Female,04/01/1937,copelandchristopher@example.org,5088449218
1464,Jessica,Burton,Female,04/01/1936,yhoffman@example.com,(795)840-7345
1465,Devin,Gordon,Male,04/01/1941,rhonda35@example.net,+1-728-490-5603
1466,Amy,Chapman,Female,04/01/1957,turnerdenise@example.org,+1-349-802-2713
1467,Holly,Smith,Female,04/01/1945,tclark@example.com,+1-803-485-8040x181
1468,Tammy,Calhoun,Female,04/01/1937,jill53@example.net,564-774-6523x436
1469,Carmen,Ruiz,Female,04/02/1942,jeffreyowens@example.com,518.443.8429
1470,Brad,Brown,Male,04/01/1952,jacob06@example.com,497.544.6734x064
1471,Alejandra,Williams,Female,04/01/1953,jared29@example.com,9977464522
1472,Abigail,Juarez,Female,04/02/1935,hooverjose@example.net,(295)819-0466x5429
1473,Jamie,Bauer,Female,04/02/1946,david66@example.org,+1-981-382-4915x708
1474,Melissa,Perez,Female,04/02/1946,vjackson@example.net,614.993.2114x10753
1475,Nathan,Esparza,Male,04/02/1943,randallstephen@example.org,603-345-4754x4393
1476,Nancy,Obrien,Female,04/01/1952,wevans@example.com,(684)423-4569x28485
1477,Anthony,Lee,Male,04/02/1935,ramseytaylor@example.com,678.965.4380x556
1478,Cindy,Green,Female,04/02/1934,tonilopez@example.net,+1-522-370-9331x7006
1479,Stephanie,Wright,Female,04/01/1956,nsantana@example.net,001-531-902-5449x8660
1480,Gabriel,Davis,Male,04/02/1935,matthewsdawn@example.com,+1-955-210-6716x26237
1481,Scott,Weaver,Male,04/02/1939,gjohnson@example.com,7169774665
1482,Martin,Love,Male,04/02/1955,petersoncharles@example.com,5795386793
1483,Blake,Davis,Male,04/01/1956,qmorgan@example.com,577-801-0667x0802
1484,Stephanie,Carter,Female,04/02/1951,christopher38@example.com,395.373.7989
1485,Chad,Martinez,Male,04/01/1958,mpatel@example.net,(230)501-1330x879
1486,Sydney,Garcia,Female,04/02/1934,daviskimberly@example.org,001-614-508-0096
1487,Charles,Summers,Male,04/01/1950,bakervictor@example.org,562-325-1938x37483
1488,Michael,Evans,Male,04/01/1936,ronaldrivas@example.org,334-645-2810
1489,Robert,Richard,Male,04/02/1942,andrea40@example.com,(404)939-5102x30144
1490,Todd,Marks,Male,04/01/1937,zbell@example.org,001-824-944-8539x549
1491,Daniel,Morales,Male,04/01/1953,luis25@example.org,287.817.3659
1492,Nicole,Sharp,Female,04/02/1943,hunterholland@example.com,+1-828-918-8937
1493,Amanda,Delgado,Female,04/01/1936,jmarshall@example.com,415.405.3610x12017
1494,John,Smith,Male,04/02/1946,patrick36@example.com,001-685-447-6573x31119
1495,Julia,Perkins,Female,04/01/1937,garciajason@example.org,7599161413
1496,Robert,Collins,Male,04/02/1935,wcampbell@example.com,+1-968-813-7922x95595
1497,Stephanie,Mcconnell,Female,04/01/1957,chelsea49@example.org,+1-281-434-6180x50226
1498,Nicholas,Taylor,Male,04/02/1955,tiffany84@example.net,001-451-844-2146x14466
1499,Jessica,Porter,Female,04/02/1951,tbaker@example.org,+1-962-256-7234
1500,Michael,Miller,Male,04/02/1947,jason25@example.com,001-559-406-1689x387
1501,Levi,Klein,Male,04/01/1949,dustin58@example.org,(532)563-8412x5605
1502,Meagan,Winters,Female,04/02/1934,davispaul@example.com,957-399-0071x705
1503,Tiffany,Joseph,Female,04/02/1938,yglass@example.net,(577)461-1505
1504,Michael,Tanner,Male,04/02/1955,adamgarcia@example.org,+1-416-467-4540
1505,Dawn,Moore,Female,04/01/1937,michaelgarcia@example.net,001-530-300-8602x9606
1506,Zachary,Brown,Male,04/02/1951,chad35@example.com,+1-968-979-4661
1507,Jennifer,Hernandez,Female,04/02/1938,sanfordkimberly@example.com,+1-954-992-2117
1508,Erin,Hayes,Female,04/01/1936,wrightkayla@example.com,292-508-3229x373
1509,Katelyn,Lewis,Female,04/01/1948,connertimothy@example.org,+1-254-427-9416x728
1510,Kevin,Wright,Male,04/02/1939,brianhood@example.org,564-426-5707x01443
1511,Ian,Thompson,Male,04/02/1947,rogernavarro@example.org,001-855-278-5096x77834
1512,Laurie,Davis,Female,04/01/1937,charles66@example.com,(492)704-9665x0970
1513,Natasha,Murray,Female,04/01/1948,russell90@example.net,+1-650-700-1548x18250
1514,David,Rivas,Male,04/02/1946,josephcarroll@example.org,(530)409-8281x2466
1515,Brittany,Henry,Female,04/01/1954,spencealexandria@example.org,383-832-9817x40918
1516,Susan,Owens,Female,04/01/1950,hurleystephanie@example.com,(749)398-1383x69364
1517,Christina,Willis,Female,04/02/1946,mason97@example.com,+1-623-806-3600x1963
1518,Sherry,Gray,Female,04/02/1955,hhumphrey@example.com,893.857.3453x5139
1519,Michael,Roberts,Male,04/02/1947,alexander66@example.org,784.256.5521
1520,Joseph,Webb,Male,04/01/1941,haynesapril@example.com,4666037915
1521,Jonathan,Rodriguez,Male,04/01/1941,shawnswanson@example.org,+1-807-362-5798x32749
1522,Jennifer,Hensley,Female,04/02/1946,sandypeterson@example.com,+1-934-693-2290
1523,Shannon,Contreras,Female,04/02/1951,howardkimberly@example.com,717-922-7044
1524,Diane,Anthony,Female,04/02/1955,perrybreanna@example.com,380-300-0789x11003
1525,Joseph,Williams,Male,04/01/1944,elizabethbell@example.net,001-207-965-0160x266
1526,Terry,Higgins,Male,04/01/1948,anthonywalker@example.org,(813)350-2235
1527,James,Jones,Male,04/02/1946,ecampbell@example.com,8894215070
1528,Anthony,Jones,Male,04/01/1936,michael06@example.com,916.873.1431x407
1529,Erik,Moore,Male,04/01/1950,jasonhopkins@example.com,850.940.5167x8106
1530,Kristin,Perry,Female,04/02/1938,lisa73@example.org,452.840.9078x9559
1531,Zachary,Hurley,Male,04/01/1953,masonrobert@example.net,+1-744-668-4907x26013
1532,Amy,Ortega,Female,04/02/1951,sherrera@example.org,+1-942-367-8783x215
1533,Gary,Walker,Male,04/02/1943,matthewtaylor@example.org,250-419-7147x31081
1534,Michelle,Sanchez,Female,04/01/1949,mooremeredith@example.com,+1-720-964-5042x873
1535,Amy,Warren,Female,04/02/1951,danielmendoza@example.net,998.514.3237x478
1536,Mercedes,White,Female,04/01/1954,kimberlymueller@example.net,+1-573-462-2900
1537,Dawn,Rose,Female,04/01/1940,tina67@example.net,+1-948-419-0998
1538,Kenneth,Cervantes,Male,04/01/1937,jacqueline01@example.com,9102663693
1539,Martha,Reed,Female,04/02/1955,amy12@example.net,250-929-5352x202
1540,James,Adams,Male,04/01/1958,lsmith@example.org,7512133720
1541,Sarah,Romero,Female,04/02/1939,jenniferphillips@example.net,(460)572-4666x43832
1542,Lori,Adkins,Female,04/01/1952,annette26@example.org,746-750-1123x2325
1543,Christopher,Moore,Male,04/01/1956,jackmoreno@example.org,+1-788-690-8497
1544,Jerry,Robinson,Male,04/02/1938,andersontamara@example.org,596.336.4912x97524
1545,Tyler,Garcia,Male,04/01/1956,craigmurray@example.org,001-793-739-9469x886
1546,Theresa,Romero,Female,04/01/1957,sharonscott@example.net,832-289-5399
1547,Michael,Ramirez,Male,04/02/1951,washingtoncole@example.net,001-255-758-3805x6691
1548,Donald,Mays,Male,04/01/1949,cclark@example.net,(837)487-2383x9332
1549,Haley,Carroll,Female,04/02/1943,davidmoore@example.com,547.977.0262x574
1550,Joshua,Evans,Male,04/02/1955,dhardy@example.com,+1-380-797-6727x971
1551,Chad,Sandoval,Male,04/02/1947,donald42@example.com,909.228.5439x12663
1552,Matthew,Powell,Male,04/01/1954,rmack@example.com,411-912-7364x907
1553,Angela,Calderon,Female,04/02/1946,frank12@example.com,(480)647-1125x3756
1554,Larry,Hill,Male,04/01/1941,alexandrabaker@example.org,616.700.7101x41460
1555,Samantha,Mcconnell,Female,04/01/1945,richard31@example.net,797-976-5909
1556,Kimberly,Smith,Female,04/01/1956,garciasandra@example.org,001-433-794-0414x63282
1557,William,Garcia,Male,04/01/1941,anitamatthews@example.org,+1-282-874-4812
1558,Jason,Hopkins,Male,04/01/1950,eric84@example.org,+1-906-649-0267
1559,Robert,Webster,Male,04/01/1952,rfrazier@example.net,294-356-7032
1560,Mitchell,Armstrong,Male,04/02/1942,laurensalazar@example.com,769-993-6290
1561,David,Kirk,Male,04/01/1953,pricedennis@example.net,(711)798-9419x996
1562,Sean,Foley,Male,04/01/1957,bowmanalexander@example.net,(782)317-3625x8636
1563,Pamela,Foster,Female,04/02/1946,iwood@example.net,+1-792-639-2398x026
1564,Jason,Baker,Male,04/01/1937,cvega@example.com,+1-621-606-1134x3591
1565,Kelly,Henry,Female,04/02/1947,brandon19@example.org,344-966-5972x454
1566,Anna,Guerra,Female,04/01/1952,chad34@example.org,(696)241-8700
1567,John,Cooper,Male,04/01/1941,zcalderon@example.com,+1-953-390-6330x2787
1568,Michael,Obrien,Male,04/02/1951,masoncristian@example.net,255-240-5982x63053
1569,Denise,Jones,Female,04/02/1938,stephenlawson@example.org,601-610-4486
1570,Andrew,Roman,Male,04/01/1953,lucasjesse@example.com,906-318-3140x645
1571,Benjamin,Montgomery,Male,04/01/1944,biancaallen@example.org,713-943-0898
1572,Brian,Murphy,Male,04/01/1956,nmiller@example.org,+1-621-806-4572x48493
1573,Brenda,Norris,Female,04/01/1958,zmiller@example.net,704.906.9155x495
1574,Melissa,Villa,Female,04/02/1935,thomaslee@example.org,857-742-4254x152
1575,Maureen,Wilson,Female,04/01/1936,paul34@example.com,9678083122
1576,Brandy,Lowe,Female,04/02/1947,heatherfigueroa@example.net,692.664.0169x4177
1577,Rebecca,Kim,Female,04/02/1951,ksmith@example.com,922.565.2098
1578,Victoria,Stein,Female,04/02/1935,taylorowens@example.org,863-509-7344x1793
1579,Mary,Evans,Female,04/01/1953,rsmith@example.com,707.518.1974x78885
1580,Luis,Morrison,Male,04/02/1955,mccoymichael@example.net,+1-667-789-1625x093
1581,Misty,Cunningham,Female,04/01/1941,karinafischer@example.net,475-399-8340x0078
1582,Michelle,Franco,Female,04/01/1948,joshuasanchez@example.com,685-643-1402
1583,Jennifer,Black,Female,04/02/1946,lpeters@example.com,+1-995-498-9041x9951
1584,Amy,Schaefer,Female,04/01/1957,wsmith@example.org,(540)413-3335x35627
1585,Summer,Conway,Female,04/01/1941,osimmons@example.com,(233)931-4227x160
1586,Christina,Jones,Female,04/01/1945,marybrown@example.net,804-736-8297x793
1587,Jacob,Hawkins,Male,04/02/1947,matthew95@example.org,(794)948-1538x66126
1588,John,Rodriguez,Male,04/02/1951,nwade@example.com,984.405.2954x43505
1589,Gary,Jones,Male,04/02/1943,stephanie00@example.com,681-959-6524
1590,Jamie,Neal,Female,04/02/1939,stacy72@example.net,001-989-562-9456
1591,Paul,Gonzales,Male,04/02/1935,dawnnguyen@example.org,001-921-255-0488x556
1592,John,Gonzalez,Male,04/02/1946,lauramorris@example.net,001-287-225-0252x250
1593,Cynthia,Wilson,Female,04/02/1938,heatherfrank@example.org,+1-453-892-2544x482
1594,Kayla,Holland,Female,04/01/1954,mendezcolin@example.org,(464)649-9112
1595,Brandi,Smith,Female,04/01/1954,elizabethdouglas@example.org,001-298-437-3762x3138
1596,Danny,Haney,Male,04/02/1946,jessica01@example.org,739.842.0765x2410
1597,Jeffrey,Nguyen,Male,04/01/1950,hvincent@example.org,208.500.9954
1598,Tina,Santiago,Female,04/01/1956,fischercassandra@example.net,930.657.3382
1599,Samantha,Lee,Female,04/02/1943,turneraaron@example.org,001-715-722-4946
1600,Raymond,Buchanan,Male,04/02/1938,jenniferbullock@example.com,(827)652-9143x6596
1601,Nicolas,Osborne,Male,04/02/1946,agordon@example.com,001-510-806-7995
1602,Jose,Cox,Male,04/02/1947,gellis@example.com,(425)362-8656x5047
1603,Adam,Clark,Male,04/01/1945,andersonstephen@example.net,5482130289
1604,Patrick,Simpson,Male,04/02/1955,stevenmays@example.org,+1-350-821-8919x33617
1605,Gina,Miller,Female,04/02/1946,brianwalls@example.org,531.605.8126
1606,Sandra,Koch,Female,04/02/1955,jenniferwebb@example.org,+1-353-648-5742
1607,Diana,Cannon,Female,04/02/1942,lbennett@example.com,+1-645-376-0459x629
1608,George,Baker,Male,04/02/1946,vpacheco@example.net,4546893363
1609,Alexis,Henderson,Female,04/01/1954,mjoyce@example.com,3706119574
1610,Kaitlyn,Abbott,Female,04/02/1935,carneyoscar@example.org,233-857-4305x8248
1611,Gina,Clark,Female,04/01/1944,ssmith@example.com,+1-902-262-4722x026
1612,Stephanie,Anderson,Female,04/01/1958,bmoore@example.org,650.453.6997x5901
1613,Gregory,Berger,Male,04/02/1942,sjackson@example.net,(366)656-7662x13740
1614,Tiffany,Bautista,Female,04/01/1954,chelsea04@example.net,(545)788-1616x1726
1615,Nicholas,Sampson,Male,04/01/1958,nichole40@example.net,001-748-373-3571x2940
1616,Emily,Johnson,Female,04/01/1948,charlottestone@example.org,416-893-0685x876
1617,Michelle,Ferguson,Female,04/01/1936,hayesjames@example.net,365.651.2125x8989
1618,Jason,Welch,Male,04/01/1958,amy04@example.com,380-950-0374
1619,Amanda,Hoffman,Female,04/01/1949,norma26@example.net,4162737545
1620,Brandi,Robinson,Female,04/02/1955,jeffery32@example.com,001-562-834-7420x62928
1621,Amber,Goodman,Female,04/02/1942,johnwong@example.net,(287)702-3231
1622,Mike,Gutierrez,Male,04/01/1945,htaylor@example.com,+1-800-905-8030
1623,Lawrence,Glover,Male,04/01/1949,colekline@example.com,353-218-8186x543
1624,Tyler,Hernandez,Male,04/02/1938,figueroapaula@example.net,893-649-1700x19267
1625,Amy,Chambers,Female,04/01/1944,robinsonchristopher@example.com,001-826-858-8823
1626,Richard,Edwards,Male,04/02/1934,mitchellkyle@example.com,(793)288-8448x197
1627,David,Moore,Male,04/01/1952,deborah26@example.net,001-810-436-7841x8948
1628,Elizabeth,Barry,Female,04/01/1949,jessicadiaz@example.net,(895)767-0421x42747
1629,Lance,Green,Male,04/01/1944,richmondkevin@example.net,(393)221-4441x6684
1630,Valerie,Russell,Female,04/02/1946,juliamoore@example.org,(873)347-6439
1631,James,Hancock,Male,04/01/1958,mcdonaldmelissa@example.net,654.492.6842
1632,Anthony,Bowen,Male,04/01/1941,nathan44@example.org,001-575-995-4603x73360
1633,Christopher,Smith,Male,04/01/1937,virginiastrong@example.net,291-207-2214x808
1634,Emily,Barton,Female,04/01/1952,smithkevin@example.com,3027011352
1635,Jeffrey,Nash,Male,04/01/1952,ewhite@example.org,234.662.1258x389
1636,Kevin,Brown,Male,04/01/1949,joseph88@example.com,001-940-217-7664x5251
1637,Thomas,Carney,Male,04/01/1944,tyates@example.net,(467)630-3364x2250
1638,Ashley,Lawson,Female,04/01/1954,gsmith@example.com,991-406-7094
1639,Maria,Hart,Female,04/01/1944,lori43@example.net,001-785-791-7567x8868
1640,Mark,Kelly,Male,04/01/1952,jessica99@example.org,806-950-5472
1641,Pamela,Wade,Female,04/02/1946,scowan@example.org,001-232-486-9140x26156
1642,Cheyenne,Smith,Female,04/01/1956,harrisondiana@example.net,376.850.3454x8394
1643,James,Adams,Male,04/01/1936,ylivingston@example.org,708.607.2769
1644,Cheryl,Ward,Female,04/02/1947,xhenry@example.net,+1-998-235-2893
1645,Traci,Chase,Female,04/01/1958,jonesamy@example.net,+1-511-250-7088
1646,Richard,Wilson,Male,04/01/1957,aluna@example.com,338-944-8424
1647,Patrick,West,Male,04/02/1951,wjackson@example.net,473.528.7870
1648,John,Peterson,Male,04/02/1943,ericaperez@example.org,324-904-7506x29948
1649,David,Martinez,Male,04/02/1934,thompsonkim@example.org,(712)249-9711
1650,Connor,Hawkins,Male,04/02/1939,gallegoskimberly@example.org,220.555.0349
1651,Jason,Jones,Male,04/02/1935,tperez@example.org,732-287-5660x6187
1652,Kelli,Carter,Female,04/01/1941,christy98@example.org,+1-633-397-1193x6980
1653,Jeffrey,Holt,Male,04/02/1943,jenniferesparza@example.com,491.790.6806
1654,Jennifer,Wade,Female,04/02/1947,samanthamanning@example.com,+1-584-312-3095x1867
1655,Matthew,Smith,Male,04/01/1957,seanbranch@example.com,(846)426-4496
1656,Kevin,Dunn,Male,04/02/1955,vgutierrez@example.org,(856)701-0601
1657,Joshua,Wright,Male,04/02/1939,lopezjacob@example.com,847-415-0896
1658,Larry,Anderson,Male,04/02/1947,martinezmelissa@example.com,389.465.1683x75910
1659,Chase,Taylor,Male,04/02/1939,nguerra@example.org,+1-794-410-4312
1660,Melissa,Rivas,Female,04/01/1944,jacquelinelee@example.org,859.823.4055
1661,Lindsay,Brewer,Female,04/01/1953,brett33@example.org,+1-841-721-7737x072
1662,Brian,Pena,Male,04/02/1942,anthonylong@example.net,001-310-440-8412x1389
1663,Timothy,Jackson,Male,04/01/1957,johngarcia@example.com,6127750772
1664,Greg,Preston,Male,04/02/1938,awells@example.net,234.420.4411x7627
1665,Diana,Salas,Female,04/01/1954,arthur44@example.com,365-381-0886
1666,Holly,Daniels,Female,04/02/1947,edward45@example.org,6013841257
1667,Ashley,Davis,Female,04/02/1943,vgarza@example.com,812.312.9227
1668,Amanda,Green,Female,04/01/1940,kvaughn@example.net,940-869-9373x13970
1669,William,Burgess,Male,04/01/1949,shafferjulie@example.com,001-826-633-1914x0753
1670,Anthony,Johnson,Male,04/01/1953,nicolebrown@example.com,+1-413-575-5817x17374
1671,Brandi,Garcia,Female,04/01/1956,ojordan@example.org,794.637.5694x14325
1672,Danielle,Richardson,Female,04/01/1956,deannataylor@example.net,+1-776-674-6577x396
1673,Rachel,Maynard,Female,04/01/1952,sophia14@example.org,961-398-3997
1674,Lauren,Kane,Female,04/02/1951,cooperregina@example.com,001-204-674-8242
1675,Jeremy,Vega,Male,04/01/1958,upeterson@example.net,524-357-1645x368
1676,Eric,Taylor,Male,04/01/1949,hodgeswilliam@example.com,(789)709-4411
1677,Kim,Rowe,Female,04/02/1946,elizabethwoods@example.com,+1-230-904-5131x22130
1678,Wesley,Shepherd,Male,04/01/1944,phogan@example.org,001-605-853-1134x11625
1679,Meredith,Jones,Female,04/01/1949,whitney90@example.com,6916968629
1680,Matthew,Melton,Male,04/01/1952,michaelmeyers@example.net,864.904.7649
1681,Debbie,Shannon,Female,04/01/1936,fosterdeborah@example.org,4807284654
1682,Katherine,Page,Female,04/01/1936,richarddavis@example.com,465.604.8902
1683,Vernon,Velez,Male,04/02/1943,danagilbert@example.com,001-328-520-1558x922
1684,Heather,Wagner,Female,04/01/1956,megan25@example.net,+1-961-482-5278x1340
1685,Daniel,Schultz,Male,04/02/1942,evanssteve@example.org,366.430.7014x771
1686,Jared,Williams,Male,04/01/1941,emilyhernandez@example.com,+1-684-954-8338x3463
1687,Katie,Moreno,Female,04/01/1950,cherylvazquez@example.com,339-554-1764x451
1688,Thomas,Holder,Male,04/01/1952,susanschmidt@example.org,583.820.0312
1689,Steven,Lamb,Male,04/01/1940,juliecombs@example.net,001-352-960-8626x136
1690,Jesse,Jacobs,Male,04/01/1936,xsparks@example.org,+1-902-926-9758x7387
1691,Richard,Simmons,Male,04/01/1956,gdonovan@example.org,288.854.8866x26903
1692,Jason,Marshall,Male,04/01/1957,donnagarcia@example.net,827.884.0004x6878
1693,Michelle,Hamilton,Female,04/01/1953,pamelaroach@example.org,001-571-544-1852x796
1694,Emily,Rich,Female,04/02/1935,paceryan@example.org,5244063274
1695,Mary,Travis,Female,04/01/1950,john03@example.org,(488)392-5329x7980
1696,William,Smith,Male,04/01/1948,jason61@example.net,234-725-6383x22330
1697,Patricia,Wise,Female,04/01/1952,vanessakline@example.org,(717)840-2486x77719
1698,Karen,Lopez,Female,04/02/1934,aaronboyd@example.org,202-369-6517x78783
1699,Russell,Hunter,Male,04/01/1950,oconnorjulie@example.net,8273580623
1700,Katie,Branch,Female,04/01/1949,elizabeth13@example.com,2429460811
1701,Thomas,Munoz,Male,04/02/1943,nataliedoyle@example.net,426-917-0241x04788
1702,Julie,Harrison,Female,04/01/1949,nclark@example.net,(866)924-9800
1703,Donald,Wilson,Male,04/01/1949,masonjoshua@example.net,708.928.9648x96843
1704,Jonathan,Williams,Male,04/01/1936,gscott@example.com,(489)484-6651
1705,Vickie,Jackson,Female,04/02/1943,robertstewart@example.net,359.847.9145x41286
1706,James,Stephens,Male,04/01/1952,melanie14@example.org,(258)788-4862x1587
1707,Alicia,Davis,Female,04/02/1935,smithaaron@example.net,794.853.8131x43601
1708,Richard,Vazquez,Male,04/01/1948,wsmith@example.net,(653)694-2096x67251
1709,Brianna,Benson,Female,04/01/1954,kennethowens@example.net,352-257-6911
1710,Ryan,Lopez,Male,04/01/1952,tclements@example.org,930.966.7153x15106
1711,Timothy,Patterson,Male,04/01/1957,chenspencer@example.com,(651)410-4517x48073
1712,Joseph,Smith,Male,04/01/1948,whawkins@example.net,6177138447
1713,Ashley,Harrison,Female,04/02/1935,shelby62@example.net,(826)624-2541
1714,Luis,Cooper,Male,04/01/1936,chapmanchristopher@example.com,626-662-7958
1715,Christine,Frank,Female,04/02/1934,ashley86@example.net,7918917362
1716,Susan,Saunders,Female,04/01/1944,thomaswilson@example.com,001-493-461-7696x14085
1717,Nancy,Berry,Female,04/01/1958,smithzoe@example.org,001-703-218-2050
1718,James,Palmer,Male,04/02/1946,richardchristine@example.com,(479)465-0912x6392
1719,Robert,Taylor,Male,04/01/1936,jeffery39@example.net,+1-291-505-1122x084
1720,Chelsea,Bishop,Female,04/02/1947,haascody@example.org,401.880.0255x22208
1721,Bruce,Alvarez,Male,04/02/1935,davidharris@example.com,+1-543-899-6993x303
1722,Luis,Floyd,Male,04/01/1949,rosejones@example.org,645.212.1061x70542
1723,Megan,Martin,Female,04/02/1942,hnolan@example.org,001-694-377-5784
1724,Brian,Ruiz,Male,04/02/1938,prose@example.org,+1-646-561-1050x33189
1725,Christopher,Jones,Male,04/01/1957,riosdebra@example.org,6614190793
1726,Anthony,Jones,Male,04/01/1944,christinafrazier@example.com,652-484-0195
1727,James,Andrews,Male,04/01/1952,ramosgeorge@example.com,474.578.1032
1728,Benjamin,Key,Male,04/01/1945,npitts@example.net,(658)405-0327x35695
1729,Kristie,Griffin,Female,04/01/1952,emmamunoz@example.com,+1-348-437-5134x90381
1730,Leonard,Rosales,Male,04/02/1955,ggutierrez@example.com,4023831510
1731,Martha,Horne,Female,04/02/1942,paulaguilar@example.com,+1-661-359-9734x74924
1732,Dawn,Lee,Female,04/01/1956,sarahbrown@example.org,(851)319-8410x59562
1733,Robert,Cummings,Male,04/01/1952,benjaminwilliams@example.org,325-632-5430
1734,Matthew,Malone,Male,04/01/1949,wendypowell@example.org,(951)311-5731x494
1735,Andre,Valencia,Male,04/01/1936,cmartin@example.org,800-641-7194x06533
1736,Jeff,Johnson,Male,04/01/1941,msantiago@example.com,864-806-5726x891
1737,Nancy,Powell,Female,04/01/1945,xcherry@example.org,+1-358-879-6658x24853
1738,Elizabeth,Thompson,Female,04/02/1934,noah80@example.net,+1-937-287-1203
1739,Sarah,Sullivan,Female,04/01/1950,wlawson@example.net,(868)588-9318
1740,Billy,Sandoval,Male,04/01/1954,rpeterson@example.net,888-309-6795x028
1741,Amanda,Dalton,Female,04/02/1939,susanrodriguez@example.com,(843)833-2659x4448
1742,Christopher,Adams,Male,04/02/1938,deborahroberson@example.org,(909)943-8094
1743,Victoria,Wolf,Female,04/01/1958,larrywilkerson@example.org,+1-286-741-7194x838
1744,Nancy,Farmer,Female,04/02/1938,susanthompson@example.net,898-960-1155
1745,Mark,Rogers,Male,04/01/1941,ihicks@example.org,717.535.6642
1746,Kelly,Tapia,Female,04/01/1957,tiffany76@example.org,422-749-7578
1747,Bailey,Morris,Female,04/01/1948,christopher61@example.com,+1-325-456-3759x76940
1748,Ruth,Perez,Female,04/01/1952,dennishuerta@example.net,692-934-6297
1749,Billy,Davis,Male,04/01/1948,kimberlybell@example.com,715.839.9905x7413
1750,Daniel,James,Male,04/01/1953,harveyjennifer@example.org,+1-300-814-4986x783
1751,Wendy,Noble,Female,04/01/1945,theresa92@example.com,551-599-0332x1037
1752,Craig,Burns,Male,04/01/1940,ericmoore@example.com,(741)303-0868x497
1753,Nathan,Williamson,Male,04/01/1937,luke87@example.net,966-916-7794x92983
1754,Tracey,Sanders,Female,04/01/1949,huberdaniel@example.net,+1-415-951-9434x461
1755,Teresa,Cole,Female,04/02/1942,samantha53@example.net,001-429-699-2224x070
1756,Stacey,Padilla,Female,04/01/1949,joanna58@example.net,(434)828-3307x13806
1757,Julia,Lester,Female,04/01/1954,huberjohnny@example.net,+1-907-600-4460x998
1758,Steven,Hernandez,Male,04/02/1943,corey15@example.com,341.604.9465
1759,Tracy,Ward,Female,04/01/1952,barrettmark@example.com,482-318-0338x646
1760,Tammy,Tucker,Female,04/02/1934,cbrady@example.org,001-425-781-4033x3820
1761,Randy,Knox,Male,04/01/1936,gonzalezdaniel@example.net,434-920-1056
1762,Zachary,Gardner,Male,04/01/1948,fmills@example.net,5659308226
1763,Taylor,Foley,Female,04/01/1952,edward36@example.org,+1-512-890-1357x05225
1764,Justin,Stewart,Male,04/02/1946,tjones@example.org,823-862-2647
1765,Tracy,Dunn,Female,04/02/1951,jason00@example.org,537.627.4870
1766,Katie,Boyer,Female,04/01/1940,paulfreeman@example.net,986-742-0965
1767,Amy,Mendez,Female,04/01/1941,melissamorris@example.com,291.491.0499
1768,Paula,Sparks,Female,04/01/1941,sheila47@example.com,001-847-603-6783x3998
1769,Jennifer,Reed,Female,04/01/1950,hollysellers@example.org,+1-751-869-9224x13526
1770,Ronald,Howard,Male,04/01/1944,andres45@example.com,248.492.8665x601
1771,Stephanie,Coleman,Female,04/02/1955,terrymarissa@example.com,977.492.2229
1772,Shawn,Jones,Male,04/01/1936,zimmermankenneth@example.org,350.248.2761
1773,Christopher,Mcintyre,Male,04/01/1937,meredithmartinez@example.net,650.249.7841
1774,Patricia,Smith,Female,04/02/1947,qmitchell@example.com,001-309-835-1444
1775,Garrett,Ortiz,Male,04/02/1935,derrickmullins@example.org,(751)238-4089x184
1776,Nathan,Cervantes,Male,04/01/1945,rodriguezlori@example.net,457.773.7647
1777,Gloria,Delgado,Female,04/01/1950,oferrell@example.org,7658184844
1778,Justin,Cuevas,Male,04/02/1934,pearsonjessica@example.org,3418841608
1779,Michael,Coleman,Male,04/01/1957,steven95@example.net,816-529-1629
1780,James,Gomez,Male,04/01/1957,bryan73@example.net,646.450.0313
1781,Karina,Brewer,Female,04/01/1957,davidsmith@example.org,5644846376
1782,Grant,Boone,Male,04/01/1936,randyhall@example.com,(916)214-4829
1783,Andres,Adams,Male,04/02/1947,timothy99@example.net,304.249.5699
1784,Samantha,Torres,Female,04/01/1940,lori75@example.net,+1-989-581-5826x94752
1785,Jose,Carlson,Male,04/01/1956,zjackson@example.net,(438)810-4313x162
1786,Helen,King,Female,04/02/1951,christophercobb@example.com,(999)373-4569
1787,Joseph,Walker,Male,04/02/1943,jeremiahhill@example.com,(644)535-9542x0577
1788,Jose,Carroll,Male,04/01/1936,gbryan@example.org,+1-493-612-4727x89648
1789,Eric,Lewis,Male,04/01/1953,kellyjones@example.org,001-415-975-8163x802
1790,Alyssa,Savage,Female,04/01/1945,tiffanybarajas@example.net,001-914-602-0462
1791,Kathy,Foster,Female,04/02/1939,ryan68@example.com,+1-476-851-3211
1792,Amy,Bass,Female,04/01/1957,usanchez@example.org,001-359-200-8104x778
1793,Leslie,Jones,Male,04/02/1946,bjoseph@example.com,643.644.1979
1794,Rebecca,Davidson,Female,04/02/1939,michaelbraun@example.com,(469)250-6659x41593
1795,Laura,Buck,Female,04/02/1935,schneiderphilip@example.net,423-496-8523x87125
1796,Nicole,Miller,Female,04/01/1952,cardenassarah@example.com,001-428-448-7232
1797,Kelly,Williams,Female,04/01/1937,michaelwright@example.net,+1-940-384-6088x549
1798,Tiffany,Mejia,Female,04/01/1945,christinayork@example.com,(422)887-6154x6503
1799,Mark,Frye,Male,04/01/1940,emma97@example.net,+1-630-526-9116x21946
1800,Daniel,Gibson,Male,04/01/1944,hallison@example.net,771.757.4184x66791
1801,Mary,Fields,Female,04/02/1947,hyoung@example.com,901.687.1950x4744
1802,Nicole,Taylor,Female,04/02/1935,knightpatricia@example.org,001-574-533-1154
1803,Billy,Acosta,Male,04/02/1938,stephenedwards@example.net,8485558113
1804,Denise,Nichols,Female,04/01/1949,jessicathomas@example.com,3966652627
1805,Michael,Wells,Male,04/02/1938,justin54@example.org,+1-875-624-3964x9083
1806,Elijah,Perez,Male,04/02/1951,maryconner@example.net,656.643.6872x317
1807,Barbara,Wilson,Female,04/02/1946,jack59@example.net,411.728.4327x9193
1808,Robert,Morris,Male,04/01/1945,greenclaudia@example.net,909.223.5735x38310
1809,Sarah,Peterson,Female,04/02/1943,nbarrera@example.com,706.370.9392x2427
1810,Shane,Brown,Male,04/01/1949,lewiselizabeth@example.org,(858)525-0552
1811,Jacqueline,Hudson,Female,04/02/1942,mromero@example.org,972.558.3997
1812,Lori,Wilson,Female,04/01/1957,weissstephanie@example.net,001-611-259-2692
1813,Laurie,Harris,Female,04/01/1941,sancheznicholas@example.org,915-528-8837x889
1814,Nancy,Moore,Female,04/02/1951,corydean@example.com,001-309-262-4744x5604
1815,Victoria,Johnston,Female,04/01/1958,williamsjesse@example.net,505.237.7886x860
1816,Kimberly,Williams,Female,04/02/1938,willie91@example.org,(507)260-6522x42373
1817,Vincent,Charles,Male,04/02/1946,whoward@example.com,001-909-714-2778
1818,Jeff,Padilla,Male,04/02/1955,yhernandez@example.com,(828)453-6642
1819,Raymond,Wheeler,Male,04/01/1949,reedtammie@example.org,001-295-792-8988x9669
1820,Amy,Anderson,Female,04/01/1957,edward62@example.net,(905)864-9684x12298
1821,Laura,Ross,Female,04/02/1946,ahaley@example.org,918-903-1257x6557
1822,Andrew,Strickland,Male,04/01/1956,darryl50@example.org,+1-912-421-6848x9558
1823,Lisa,Smith,Female,04/02/1939,dustincarter@example.org,+1-971-223-9885
1824,Jennifer,Coleman,Female,04/01/1957,ychen@example.net,001-557-363-7835x85990
1825,Janet,Cook,Female,04/01/1940,vanessa41@example.org,617-966-5558x989
1826,Edward,Kidd,Male,04/01/1956,amandaadams@example.net,(268)335-5226x150
1827,David,Smith,Male,04/01/1956,steelemelanie@example.org,+1-380-220-6094x670
1828,Justin,Mathis,Male,04/02/1934,allenmaurice@example.org,+1-565-529-6478x4820
1829,Paula,Cline,Female,04/01/1956,erika14@example.net,001-583-696-4181x350
1830,Jeffrey,Spence,Male,04/02/1947,wgray@example.net,001-899-359-7555x15565
1831,Matthew,Jordan,Male,04/01/1936,williamscrystal@example.org,670.644.3190x5922
1832,Jennifer,Miller,Female,04/01/1948,john84@example.net,(789)440-7365
1833,Sandra,Patrick,Female,04/01/1954,johnny27@example.org,+1-943-623-6955x36078
1834,Julia,Smith,Female,04/02/1955,aflores@example.net,+1-508-947-8610x55136
1835,Robert,Gibson,Male,04/01/1957,wallacejenny@example.org,599.982.3940x91262
1836,Edward,Robinson,Male,04/01/1952,gregory33@example.com,(405)796-5715x2594
1837,William,Colon,Male,04/01/1940,pacemichael@example.org,001-862-627-0767x593
1838,Jared,Chambers,Male,04/01/1952,framos@example.org,+1-620-874-6360x44919
1839,James,Wilson,Male,04/02/1943,mcdonaldkeith@example.com,255.624.6684
1840,Brittany,Lyons,Female,04/01/1954,paulcosta@example.net,001-980-765-7432x7242
1841,Stephen,Hernandez,Male,04/01/1956,emilyhood@example.net,274-599-9452
1842,Kelly,Reid,Female,04/02/1951,ronald48@example.org,772.963.9379x849
1843,Cheyenne,Cox,Female,04/02/1951,wuelizabeth@example.net,812-812-5310x86923
1844,Melanie,Stevens,Female,04/01/1937,allentroy@example.net,+1-767-758-6770x15295
1845,Jasmine,Thompson,Female,04/02/1955,zachary88@example.org,+1-477-550-2663
1846,Rachel,Parks,Female,04/01/1937,kathrynstewart@example.org,482-782-3110
1847,Christopher,Malone,Male,04/02/1943,tfowler@example.net,(327)287-6643x547
1848,Joseph,Crawford,Male,04/01/1940,saunderschristine@example.net,679-838-4070x6389
1849,Paula,Galloway,Female,04/01/1944,cassiehorn@example.net,001-214-442-5350x35487
1850,Erin,Watkins,Female,04/01/1950,salinasmichelle@example.net,001-826-442-0726x5568
1851,Vanessa,Mendoza,Female,04/01/1956,gina15@example.com,717.357.3264x2027
1852,Anthony,Todd,Male,04/02/1946,gtaylor@example.org,+1-688-267-6241x249
1853,Mario,Taylor,Male,04/02/1947,wallen@example.com,2417893848
1854,Ashley,Becker,Female,04/01/1954,tlynn@example.net,+1-664-442-3376x705
1855,Penny,Wolfe,Female,04/02/1946,erobles@example.org,001-503-405-4475x057
1856,Steven,Johnson,Male,04/01/1940,matasierra@example.org,756.246.0858x454
1857,Keith,Wallace,Male,04/01/1954,pattersonshelly@example.org,401-240-6375x4341
1858,Warren,Wilkinson,Male,04/01/1950,rodgerspaul@example.com,+1-535-260-2071x621
1859,Justin,Garcia,Male,04/02/1942,robert46@example.net,783-664-0347x3717
1860,John,Lane,Male,04/01/1937,qscott@example.org,6557680081
1861,Daniel,Williams,Male,04/02/1943,lewisvictoria@example.net,586-449-0222x909
1862,David,Jackson,Male,04/02/1951,martineztracy@example.net,687-467-7472
1863,Adam,Daniels,Male,04/02/1938,nelsonjesse@example.net,(625)835-4930x2671
1864,Michael,Winters,Male,04/01/1941,sandraperry@example.org,(287)608-4847x355
1865,Madison,Wilson,Female,04/02/1943,rojasoscar@example.org,001-897-776-8855x57711
1866,James,Thomas,Male,04/01/1949,wigginsmartin@example.com,(851)437-2953x063
1867,Jennifer,Kim,Female,04/02/1943,ewingheather@example.com,508.719.2774
1868,Latasha,Alvarado,Female,04/01/1958,pflores@example.org,+1-551-524-2350x1339
1869,John,Morgan,Male,04/02/1947,hernandezashley@example.com,7259521668
1870,Marissa,Alexander,Female,04/02/1935,andrealloyd@example.net,001-353-689-6631x25497
1871,Patricia,Davis,Female,04/01/1954,christopherpalmer@example.org,(927)740-0175
1872,Ashley,Potter,Female,04/02/1939,tracygood@example.org,(433)252-8439x59173
1873,Gabriela,Contreras,Female,04/01/1944,qhiggins@example.com,(452)811-9933x86267
1874,Michael,Glass,Male,04/01/1940,whitakermelissa@example.com,001-576-568-4658x5391
1875,Troy,Stewart,Male,04/01/1948,susanjimenez@example.net,(710)510-7810x07449
1876,Alicia,Kim,Female,04/01/1958,thomasjoseph@example.net,687-797-5538
1877,Katie,Tucker,Female,04/02/1935,christopherbush@example.com,001-218-462-4325x87074
1878,Mark,Frye,Male,04/02/1935,derrickoneal@example.com,(584)954-6505x47947
1879,Sarah,Montoya,Female,04/02/1934,piercedavid@example.com,666.413.9207
1880,Kendra,Davis,Female,04/02/1938,barreradustin@example.com,+1-403-872-5325x617
1881,Paul,Ortega,Male,04/01/1949,mayerwanda@example.com,953.608.4602x7884
1882,Courtney,Barker,Female,04/01/1952,pam68@example.com,001-669-674-4171x0661
1883,Jerry,Grant,Male,04/02/1951,rtucker@example.net,+1-289-901-7501x48228
1884,Cynthia,Wright,Female,04/01/1956,allenjoseph@example.net,+1-494-450-3952
1885,Kenneth,Byrd,Male,04/02/1942,lindseycurry@example.net,948.539.9310
1886,Roger,Faulkner,Male,04/02/1942,scottstephanie@example.com,(678)384-2158x3542
1887,Richard,Rodriguez,Male,04/01/1948,richard57@example.com,376.850.4871x37000
1888,Michelle,Hamilton,Female,04/01/1953,patricialee@example.org,912-998-1963x9448
1889,Linda,Moore,Female,04/01/1945,cookwendy@example.com,691-716-2635
1890,Kevin,Greene,Male,04/01/1937,taylorjennifer@example.com,790.422.9249x847
1891,Kimberly,Nash,Female,04/02/1938,xfisher@example.org,(835)983-0503x03342
1892,Bethany,Sampson,Female,04/01/1941,nicoleharrison@example.org,3349670926
1893,Ryan,Cook,Male,04/02/1955,johnleblanc@example.net,001-797-911-2651x057
1894,Brian,Woodard,Male,04/01/1958,mgarcia@example.net,288-364-6356
1895,Michael,Ruiz,Male,04/01/1937,mbrown@example.org,+1-939-885-4515x04522
1896,William,Cook,Male,04/01/1950,donnasimpson@example.net,248.224.8926
1897,Cindy,Carter,Female,04/01/1954,rmacdonald@example.net,001-892-682-6212
1898,Joseph,Harris,Male,04/01/1952,meganhill@example.com,576-567-6354x5271
1899,James,Clark,Male,04/02/1935,jarvisanita@example.net,(800)846-0138x986
1900,Carolyn,Wilson,Female,04/01/1937,qjones@example.net,530-851-3873
1901,Amy,Lynn,Female,04/02/1939,tdavis@example.com,818.338.5040x904
1902,Michael,Vega,Male,04/02/1946,crossmackenzie@example.net,598-342-6433x9027
1903,Lauren,Brown,Female,04/01/1940,browndarrell@example.org,(815)392-8483
1904,Emily,Smith,Female,04/02/1951,ochoaanthony@example.net,+1-618-252-2829x0784
1905,Charles,Rowe,Male,04/02/1943,curtischristopher@example.com,7604776314
1906,Jeffrey,Novak,Male,04/01/1941,thomaswilliams@example.com,(700)899-5708
1907,Victor,Stephens,Male,04/01/1948,barnesnicholas@example.com,+1-785-226-3274
1908,Richard,Thomas,Male,04/01/1945,kylemorris@example.com,001-958-968-9280
1909,Kimberly,Roberts,Female,04/01/1940,barbarakim@example.net,+1-338-490-5886x456
1910,Deborah,Carr,Female,04/01/1936,richardwebb@example.org,(728)835-1247x9652
1911,Matthew,Camacho,Male,04/01/1940,spennington@example.net,617-741-9336x39050
1912,Courtney,Martin,Female,04/01/1949,dsanders@example.org,+1-305-895-0720x602
1913,Steven,Miller,Male,04/02/1955,ydawson@example.org,+1-352-541-2283x4112
1914,Jean,Jackson,Female,04/01/1952,uolson@example.com,679-730-9908x456
1915,John,Martin,Male,04/02/1935,uperez@example.net,663.412.2817x06136
1916,Anthony,Cowan,Male,04/01/1940,fschmidt@example.com,(267)309-3193x781
1917,Amanda,Clark,Female,04/01/1941,cabreraeric@example.net,(353)388-9017x6730
1918,Kevin,Carr,Male,04/01/1958,wayne93@example.net,491-998-6889x8913
1919,Kristi,Schultz,Female,04/01/1950,mjohnson@example.com,+1-879-874-8656x6165
1920,Jordan,Schneider,Female,04/02/1938,thompsondavid@example.com,001-867-912-6070x30221
1921,Barbara,Valencia,Female,04/01/1950,pamela52@example.net,392.990.0524x7528
1922,Kyle,Garrett,Male,04/02/1946,rduran@example.com,917.943.2682x7809
1923,Sharon,Cole,Female,04/01/1936,bdavid@example.net,820.898.4740x6912
1924,Cynthia,Griffin,Female,04/02/1938,powelldouglas@example.net,744.252.1252x524
1925,Elizabeth,Medina,Female,04/02/1951,jasonfuller@example.com,266.346.4116x196
1926,Robert,Carpenter,Male,04/01/1937,michellesilva@example.net,001-233-506-2601x936
1927,Haley,Banks,Female,04/01/1948,ghanna@example.com,(594)212-2141
1928,Brittany,Davis,Female,04/01/1941,andrea06@example.org,987-859-5278
1929,Caitlin,Norris,Female,04/02/1934,nbishop@example.com,001-374-851-7009x6402
1930,Cody,Hudson,Male,04/01/1948,charleslisa@example.net,215-913-5562x706
1931,Jordan,Roberts,Male,04/01/1952,lori94@example.net,+1-430-763-9891x08656
1932,Lisa,Larson,Female,04/02/1946,shawncarroll@example.net,721-502-8000
1933,Joseph,Melton,Male,04/02/1946,brittany13@example.org,891-234-4450x08480
1934,Aaron,Allen,Male,04/02/1939,mharrison@example.org,001-408-853-7783x011
1935,Steven,Whitney,Male,04/02/1942,alyssa09@example.com,+1-346-880-0236x35592
1936,Jesus,Shields,Male,04/01/1958,robinsonderek@example.net,649-949-9566x237
1937,Robert,Pope,Male,04/01/1940,john82@example.org,495.796.4299
1938,Manuel,Huff,Male,04/01/1954,davidsonjason@example.org,784.400.8541
1939,Maria,Walls,Female,04/01/1957,taylormichelle@example.com,722-270-8392x435
1940,Linda,Lamb,Female,04/01/1956,wrodriguez@example.org,+1-853-393-5428
1941,Morgan,Garrett,Female,04/02/1934,eberg@example.net,720-644-0595x451
1942,Abigail,Henry,Female,04/01/1957,underwoodanne@example.net,684-748-1603
1943,Patricia,Stone,Female,04/02/1938,johnbrooks@example.net,517.781.1243x8802
1944,Thomas,Martinez,Male,04/01/1940,qnewman@example.net,001-532-380-8669
1945,Brian,Nelson,Male,04/01/1948,eugenejohnson@example.net,824.700.9055
1946,Kyle,Humphrey,Male,04/01/1950,lwright@example.com,001-668-793-4870x11404
1947,Cynthia,Baird,Female,04/01/1949,mistyrodriguez@example.org,6342067601
1948,Paul,Jones,Male,04/01/1953,wilcoxkaitlyn@example.com,+1-455-286-1071x022
1949,Michael,Wallace,Male,04/01/1944,jermaine80@example.org,507-256-5472x623
1950,Elizabeth,Smith,Female,04/01/1952,denisemiller@example.net,+1-914-460-5745x8134
1951,Jeffery,Clark,Male,04/02/1943,duncanbethany@example.com,768.814.8465
1952,Michelle,Jones,Female,04/02/1942,steven85@example.net,565-910-6723
1953,Mary,Lewis,Female,04/01/1941,rose03@example.com,001-681-826-9009x309
1954,Sean,Farmer,Male,04/01/1945,theresacoffey@example.com,915-428-9388x7585
1955,David,Russell,Male,04/02/1947,agardner@example.org,413-609-1925
1956,Jonathan,Cortez,Male,04/01/1937,mitchellbailey@example.com,001-215-588-9989x734
1957,Madeline,Oliver,Female,04/01/1948,katherine02@example.net,409.992.4784
1958,Dennis,Hurley,Male,04/02/1939,eric56@example.net,+1-410-285-2207x480
1959,Matthew,Chapman,Male,04/01/1937,abigailhinton@example.com,610.276.7716x624
1960,Russell,Cruz,Male,04/01/1940,nelsonmanuel@example.org,+1-751-257-0267x53745
1961,Dakota,Martin,Male,04/01/1936,millercarla@example.com,351-833-2503
1962,Monica,Washington,Female,04/01/1945,fishersteven@example.com,268-746-4222
1963,Erica,Smith,Female,04/02/1943,scott06@example.com,001-750-872-7709x7383
1964,Colleen,Morton,Female,04/01/1958,tracy88@example.net,841.703.6418x0632
1965,Katherine,Vance,Female,04/01/1944,margaretmunoz@example.com,001-524-367-0828x77671
1966,Shannon,Lowery,Female,04/01/1956,joseph98@example.com,807-947-2741x01432
1967,Aaron,Green,Male,04/01/1944,dsuarez@example.net,307.405.4254x58586
1968,Mary,Chapman,Female,04/01/1956,nfrancis@example.net,(691)678-5890x251
1969,Kimberly,Brown,Female,04/02/1935,kevin53@example.net,733-888-7500
1970,Angela,Mullins,Female,04/02/1934,cynthiabaxter@example.net,001-269-265-1110x83752
1971,Mary,Gould,Female,04/01/1945,galvanmatthew@example.com,851-632-7670x171
1972,Regina,Brown,Female,04/02/1955,john38@example.org,(708)421-9092x0292
1973,Joshua,Munoz,Male,04/01/1949,donovansteven@example.com,(805)405-1263x96085
1974,Dawn,Nolan,Female,04/01/1957,dale93@example.net,001-776-979-1077x9504
1975,James,Hubbard,Male,04/01/1950,deborah77@example.com,898.848.9913x054
1976,Shawn,Boyd,Male,04/02/1946,cstewart@example.com,+1-708-527-4617
1977,Robert,Mullen,Male,04/02/1935,hillgina@example.com,+1-594-232-8615x779
1978,Andre,Hunt,Male,04/02/1935,longbrandi@example.com,745.564.2720x97957
1979,Kristina,Lynch,Female,04/02/1942,lindsay72@example.org,001-828-769-0164x3744
1980,Amanda,Calderon,Female,04/01/1952,ihill@example.com,(314)472-5144x115
1981,Robert,Harris,Male,04/02/1939,hallmonica@example.com,(851)921-3966
1982,Frank,Mcguire,Male,04/01/1957,wsmith@example.com,001-300-498-2542
1983,Danny,Moore,Male,04/01/1949,melissacarpenter@example.org,+1-462-541-6210x787
1984,Rita,Patel,Female,04/01/1944,bmullen@example.com,001-955-994-4575x21475
1985,Barbara,Clark,Female,04/01/1949,johnsdonald@example.org,3132835525
1986,Jaime,Flores,Female,04/02/1935,williammorales@example.com,(341)792-6519x8920
1987,Brandy,Flores,Female,04/02/1938,uorr@example.net,001-603-899-6586x7952
1988,Theresa,Shaw,Female,04/01/1952,marcus88@example.com,936-914-2936x6053
1989,Curtis,Rogers,Male,04/01/1952,reginanichols@example.com,(289)639-6216x274
1990,Charles,Ross,Male,04/01/1936,antoniogonzales@example.org,(929)855-6376x19198
1991,Justin,Davis,Male,04/01/1944,guzmanjacob@example.org,333.296.0687x39402
1992,Linda,Phelps,Female,04/02/1942,alexanderpatterson@example.org,001-211-600-3470x68543
1993,Donald,Benitez,Male,04/02/1955,graycraig@example.com,379.763.6504x051
1994,Lawrence,Richards,Male,04/01/1953,phillipsnicholas@example.com,398-669-5052x09645
1995,Caroline,Jacobs,Female,04/01/1941,colemanlori@example.org,927-952-4280
1996,Eric,Graves,Male,04/01/1953,sherry94@example.com,205-823-3338
1997,Sean,Fox,Male,04/02/1955,timothy68@example.com,001-856-846-7423
1998,Miranda,Parks,Female,04/02/1943,joshuadavis@example.org,+1-331-514-1037x442
1999,Brian,Robertson,Male,04/02/1951,sanfordmichelle@example.org,979.823.8459x45854
